Original,Target,Condition
(= (str.++ RewriteX "c") "c");RewriteX:String,(= RewriteX "");RewriteX:String, 
(mod RewriteX 1);RewriteX:Int,0:Int_Const,
(div RewriteX 1);RewriteX:Int,RewriteX;RewriteX:Int,
(ite (= RewriteZ 0) (- (div RewriteX RewriteZ)) (div RewriteX (- RewriteZ)));RewriteX:Int;RewriteZ:Int,(- (div RewriteX RewriteZ));RewriteX:Int;RewriteZ:Int,
(ite (= RewriteZ 0) (mod RewriteX RewriteZ) (mod RewriteX (- RewriteZ)));RewriteX:Int;RewriteZ:Int,(mod RewriteX RewriteZ);RewriteX:Int;RewriteZ:Int,
(ite (= RewriteZ 0) (mod RewriteX RewriteZ) (mod (mod RewriteX RewriteZ) RewriteZ));RewriteX:Int;RewriteZ:Int,(mod RewriteX RewriteZ);RewriteX:Int;RewriteZ:Int,
(ite (= RewriteZ 0) 0 (div (mod RewriteX RewriteZ) RewriteZ));RewriteX:Int;RewriteZ:Int,0:Int_Const,
(to_int RewriteX);RewriteX:Int,RewriteX;RewriteX:Int,
(is_int RewriteX);RewriteX:Int,true:Bool_Const,
(to_int real.pi),3:Int_Const,cvc5
(is_int real.pi),false:Bool_Const,cvc5
(to_int (to_real RewriteX));RewriteX:Int,(to_int RewriteX);RewriteX:Int,
(and (>= RewriteX RewriteZ) (<= RewriteX RewriteZ));RewriteX:Int;RewriteZ:Int,(= RewriteX RewriteZ);RewriteX:Int;RewriteZ:Int,
(and (>= RewriteX RewriteZ) (<= RewriteX RewriteZ));RewriteX:Real;RewriteZ:Real,(= RewriteX RewriteZ);RewriteX:Real;RewriteZ:Real,
(not (<= RewriteX RewriteZ));RewriteX:Int;RewriteZ:Int,(> RewriteX RewriteZ);RewriteX:Int;RewriteZ:Int,
(not (<= RewriteX RewriteZ));RewriteX:Real;RewriteZ:Real,(> RewriteX RewriteZ);RewriteX:Real;RewriteZ:Real,


(* RewriteX (* RewriteY RewriteZ));RewriteX:Int;RewriteY:Int;RewriteZ:Int,(* RewriteY (* RewriteX RewriteZ));RewriteX:Int;RewriteY:Int;RewriteZ:Int,
(- RewriteX (- RewriteY RewriteZ));RewriteX:Int;RewriteY:Int;RewriteZ:Int,(- RewriteZ (- RewriteY RewriteX));RewriteX:Int;RewriteY:Int;RewriteZ:Int,
(- RewriteZ (- RewriteY RewriteX));RewriteX:Int;RewriteY:Int;RewriteZ:Int,(- RewriteX (- RewriteY RewriteZ));RewriteX:Int;RewriteY:Int;RewriteZ:Int,
(- (- RewriteX RewriteY) RewriteZ);RewriteX:Int;RewriteY:Int;RewriteZ:Int,(- (- RewriteX RewriteZ) RewriteY);RewriteX:Int;RewriteY:Int;RewriteZ:Int,
(- (- RewriteX RewriteZ) RewriteY);RewriteX:Int;RewriteY:Int;RewriteZ:Int,(- (- RewriteX RewriteY) RewriteZ);RewriteX:Int;RewriteY:Int;RewriteZ:Int,
(+ RewriteX (+ RewriteY RewriteZ));RewriteX:Int;RewriteY:Int;RewriteZ:Int,(+ RewriteY (+ RewriteX RewriteZ));RewriteX:Int;RewriteY:Int;RewriteZ:Int,
(- (+ RewriteX RewriteY) RewriteZ);RewriteX:Int;RewriteY:Int;RewriteZ:Int,(+ RewriteY (- RewriteX RewriteZ));RewriteX:Int;RewriteY:Int;RewriteZ:Int,
(+ RewriteY (- RewriteX RewriteZ));RewriteX:Int;RewriteY:Int;RewriteZ:Int,(- (+ RewriteX RewriteY) RewriteZ);RewriteX:Int;RewriteY:Int;RewriteZ:Int,
(* RewriteX (- RewriteY RewriteZ));RewriteX:Int;RewriteY:Int;RewriteZ:Int,(* (- RewriteX) (- RewriteZ RewriteY));RewriteX:Int;RewriteY:Int;RewriteZ:Int,
(* (- RewriteX) (- RewriteZ RewriteY));RewriteX:Int;RewriteY:Int;RewriteZ:Int,(* RewriteX (- RewriteY RewriteZ));RewriteX:Int;RewriteY:Int;RewriteZ:Int,
(+ 293 (- RewriteY (+ 293 RewriteZ)));RewriteX:Int;RewriteY:Int;RewriteZ:Int,(- RewriteY RewriteZ);RewriteY:Int;RewriteZ:Int,
(- (* RewriteX RewriteY) (* RewriteY RewriteZ));RewriteX:Int;RewriteY:Int;RewriteZ:Int,(* RewriteY (- RewriteX RewriteZ));RewriteX:Int;RewriteY:Int;RewriteZ:Int,
(* RewriteY (- RewriteX RewriteZ));RewriteX:Int;RewriteY:Int;RewriteZ:Int,(- (* RewriteX RewriteY) (* RewriteY RewriteZ));RewriteX:Int;RewriteY:Int;RewriteZ:Int,
(+ (* RewriteX RewriteY) (* RewriteY RewriteZ));RewriteX:Int;RewriteY:Int;RewriteZ:Int,(* RewriteY (+ RewriteX RewriteZ));RewriteX:Int;RewriteY:Int;RewriteZ:Int,
(* RewriteY (+ RewriteX RewriteZ));RewriteX:Int;RewriteY:Int;RewriteZ:Int,(+ (* RewriteX RewriteY) (* RewriteY RewriteZ));RewriteX:Int;RewriteY:Int;RewriteZ:Int,
(ite (= RewriteX 0) (* RewriteX (* RewriteZ (div RewriteY RewriteX))) (* RewriteX (* RewriteY (div RewriteZ RewriteX))));RewriteX:Int;RewriteY:Int;RewriteZ:Int,(* RewriteX (* RewriteZ (div RewriteY RewriteX)));RewriteX:Int;RewriteY:Int;RewriteZ:Int,
(* RewriteX RewriteY);RewriteX:Int;RewriteY:Int,(* RewriteY RewriteX);RewriteX:Int;RewriteY:Int,
(+ RewriteX RewriteY);RewriteX:Int;RewriteY:Int,(+ RewriteY RewriteX);RewriteX:Int;RewriteY:Int,
(abs (- RewriteX RewriteY));RewriteX:Int;RewriteY:Int,(abs (- RewriteY RewriteX));RewriteX:Int;RewriteY:Int,
(abs (* RewriteX RewriteY));RewriteX:Int;RewriteY:Int,(* (abs RewriteX) (abs RewriteY));RewriteX:Int;RewriteY:Int,
(* (abs RewriteX) (abs RewriteY));RewriteX:Int;RewriteY:Int,(abs (* RewriteX RewriteY));RewriteX:Int;RewriteY:Int,
(ite (= RewriteX 0) (* RewriteX RewriteY) (* RewriteX (* RewriteY (div RewriteX RewriteX))));RewriteX:Int;RewriteY:Int,(* RewriteX RewriteY);RewriteX:Int;RewriteY:Int,
(ite (= RewriteX 0) (* RewriteX RewriteY) (div (* RewriteX RewriteY) (div RewriteX RewriteX)));RewriteX:Int;RewriteY:Int,(* RewriteX RewriteY);RewriteX:Int;RewriteY:Int,
(ite (= (- RewriteX RewriteY) 0) (div (- RewriteY RewriteX) (- RewriteX RewriteY)) (div (- RewriteX RewriteY) (- RewriteY RewriteX)));RewriteX:Int;RewriteY:Int,(div (- RewriteY RewriteX) (- RewriteX RewriteY));RewriteX:Int;RewriteY:Int,
(ite (= (- RewriteY RewriteX) 0) (div (- RewriteY RewriteX) (- RewriteY RewriteX)) (div (- RewriteX RewriteY) (- RewriteX RewriteY)));RewriteX:Int;RewriteY:Int,(div (- RewriteY RewriteX) (- RewriteY RewriteX));RewriteX:Int;RewriteY:Int,
(- (* RewriteX RewriteX) (* RewriteY RewriteY));RewriteX:Int;RewriteY:Int,(* (- RewriteX RewriteY) (+ RewriteX RewriteY));RewriteX:Int;RewriteY:Int,
(* (- RewriteX RewriteY) (+ RewriteX RewriteY));RewriteX:Int;RewriteY:Int,(- (* RewriteX RewriteX) (* RewriteY RewriteY));RewriteX:Int;RewriteY:Int,
(ite (= (- RewriteY RewriteX) 0) (div 0 (- RewriteY RewriteX)) (div 0 (- RewriteX RewriteY)));RewriteX:Int;RewriteY:Int,(div 0 (- RewriteY RewriteX));RewriteX:Int;RewriteY:Int,
(ite (= RewriteX 0) 0 (* RewriteX (* RewriteY (div 0 RewriteX))));RewriteX:Int;RewriteY:Int,0:Int_Const, 
(ite (or (= RewriteX 0) (= RewriteY 0)) (* (div 0 RewriteX) (div 0 RewriteY)) (* (div 0 RewriteX) (div RewriteX RewriteY)));RewriteX:Int;RewriteY:Int,(* (div 0 RewriteX) (div 0 RewriteY));RewriteX:Int;RewriteY:Int,
(ite (or (= RewriteX 0) (= RewriteY 0)) (* (div 0 RewriteX) (div RewriteX RewriteY)) (* (div 0 RewriteX) (div 0 RewriteY)));RewriteX:Int;RewriteY:Int,(* (div 0 RewriteX) (div RewriteX RewriteY));RewriteX:Int;RewriteY:Int,
(ite (or (= RewriteX 0) (= RewriteY 0)) (* (div 0 RewriteY) (div RewriteY RewriteX)) (* (div 0 RewriteX) (div RewriteX RewriteY)));RewriteX:Int;RewriteY:Int,(* (div 0 RewriteY) (div RewriteY RewriteX));RewriteX:Int;RewriteY:Int,
(abs (abs RewriteX));RewriteX:Int,(abs RewriteX);RewriteX:Int,
(abs (* RewriteX RewriteX));RewriteX:Int,(* RewriteX RewriteX);RewriteX:Int,
(ite (= RewriteX 0) (div (abs RewriteX) RewriteX) (div RewriteX (abs RewriteX)));RewriteX:Int,(div (abs RewriteX) RewriteX);RewriteX:Int,
(ite (= RewriteX 0) (div RewriteX (abs RewriteX)) (div (abs RewriteX) RewriteX));RewriteX:Int,(div RewriteX (abs RewriteX));RewriteX:Int,
(ite (= RewriteX 0) (div RewriteX RewriteX) (div (abs RewriteX) (abs RewriteX)));RewriteX:Int,(div RewriteX RewriteX);RewriteX:Int,
(ite (= RewriteX 0) (div (abs RewriteX) (- RewriteX)) (div (- RewriteX) (abs RewriteX)));RewriteX:Int,(div (abs RewriteX) (- RewriteX));RewriteX:Int,
(ite (= RewriteX 0) (div (- RewriteX) (abs RewriteX)) (div (abs RewriteX) (- RewriteX)));RewriteX:Int,(div (- RewriteX) (abs RewriteX));RewriteX:Int,
(ite (= RewriteX 0) (div RewriteX RewriteX) (div (* RewriteX RewriteX) (* RewriteX RewriteX)));RewriteX:Int,(div RewriteX RewriteX);RewriteX:Int,
(ite (= RewriteX 0) (div RewriteX RewriteX) (div (+ RewriteX RewriteX) (+ RewriteX RewriteX)));RewriteX:Int,(div RewriteX RewriteX);RewriteX:Int,
(* RewriteX 1);RewriteX:Int,RewriteX;RewriteX:Int,
(- RewriteX 0);RewriteX:Int,RewriteX;RewriteX:Int,
(+ RewriteX 0);RewriteX:Int,RewriteX;RewriteX:Int,
(div RewriteX 1);RewriteX:Int,RewriteX;RewriteX:Int,
(- RewriteX RewriteX);RewriteX:Int,0:Int_Const,
(* RewriteX (- 1));RewriteX:Int,(- RewriteX);RewriteX:Int,
(- 0 RewriteX);RewriteX:Int,(- RewriteX);RewriteX:Int,
(- RewriteX);RewriteX:Int,(div RewriteX (- 1));RewriteX:Int,
(div RewriteX (- 1));RewriteX:Int,(- RewriteX);RewriteX:Int,
(abs (+ RewriteX RewriteX));RewriteX:Int,(* (abs RewriteX) 2);RewriteX:Int,
(* (abs RewriteX) 2);RewriteX:Int,(abs (+ RewriteX RewriteX));RewriteX:Int,
(ite (= RewriteX 0) (+ RewriteX (div 0 RewriteX)) (div (* RewriteX RewriteX) RewriteX));RewriteX:Int,(+ RewriteX (div 0 RewriteX));RewriteX:Int,
(ite (= RewriteX 0) (div (* RewriteX RewriteX) RewriteX) (+ RewriteX (div 0 RewriteX)));RewriteX:Int,(div (* RewriteX RewriteX) RewriteX);RewriteX:Int,
(ite (= RewriteX 0) (- (div 0 RewriteX) RewriteX) (div (* RewriteX RewriteX) (- RewriteX)));RewriteX:Int,(- (div 0 RewriteX) RewriteX);RewriteX:Int,
(ite (= RewriteX 0) (div (* RewriteX RewriteX) (- RewriteX)) (- (div 0 RewriteX) RewriteX));RewriteX:Int,(div (* RewriteX RewriteX) (- RewriteX));RewriteX:Int,
(ite (= RewriteX 0) (+ (div 0 RewriteX) (abs RewriteX)) (div (* RewriteX RewriteX) (abs RewriteX)));RewriteX:Int,(+ (div 0 RewriteX) (abs RewriteX));RewriteX:Int,
(ite (= RewriteX 0) (div (* RewriteX RewriteX) (abs RewriteX)) (+ (div 0 RewriteX) (abs RewriteX)));RewriteX:Int,(div (* RewriteX RewriteX) (abs RewriteX));RewriteX:Int,
(* RewriteX 0);RewriteX:Int,0:Int_Const,
(- RewriteX 1);RewriteX:Int,(+ RewriteX (- 1));RewriteX:Int,
(+ RewriteX (- 1));RewriteX:Int,(- RewriteX 1);RewriteX:Int,
(- RewriteX (- 1));RewriteX:Int,(+ RewriteX 1);RewriteX:Int,
(+ RewriteX 1);RewriteX:Int,(- RewriteX (- 1));RewriteX:Int,
(ite (= RewriteX 0) (div 0 (abs RewriteX)) (div 0 RewriteX));RewriteX:Int,(div 0 (abs RewriteX));RewriteX:Int,
(ite (= RewriteX 0) (div 0 RewriteX) (div 0 (abs RewriteX)));RewriteX:Int,(div 0 RewriteX);RewriteX:Int,
(ite (= RewriteX 0) 0 (* RewriteX (div 0 RewriteX)));RewriteX:Int,0:Int_Const,
(ite (= RewriteX 0) (div 0 (+ RewriteX RewriteX)) (div 0 RewriteX));RewriteX:Int,(div 0 (+ RewriteX RewriteX));RewriteX:Int,
(ite (= RewriteX 0) (div 0 RewriteX) (div 0 (+ RewriteX RewriteX)));RewriteX:Int,(div 0 RewriteX);RewriteX:Int,
(ite (= RewriteX 0) (div 0 RewriteX) (div 0 (* RewriteX RewriteX)));RewriteX:Int,(div 0 RewriteX);RewriteX:Int,
(ite (= RewriteX 0) (div (div 0 RewriteX) (- RewriteX)) (div (div 0 RewriteX) RewriteX));RewriteX:Int,(div (div 0 RewriteX) (- RewriteX));RewriteX:Int,
(ite (= RewriteX 0) (div (div 0 RewriteX) RewriteX) (div (div 0 RewriteX) (- RewriteX)));RewriteX:Int,(div (div 0 RewriteX) RewriteX);RewriteX:Int,
(ite (= RewriteX 0) (div (div 0 RewriteX) (abs RewriteX)) (div (div 0 RewriteX) RewriteX));RewriteX:Int,(div (div 0 RewriteX) (abs RewriteX));RewriteX:Int,
(ite (= RewriteX 0) (div (div 0 RewriteX) RewriteX) (div (div 0 RewriteX) (abs RewriteX)));RewriteX:Int,(div (div 0 RewriteX) RewriteX);RewriteX:Int,
(ite (= RewriteX 0) (div (div 0 RewriteX) (+ RewriteX RewriteX)) (div (div 0 RewriteX) RewriteX));RewriteX:Int,(div (div 0 RewriteX) (+ RewriteX RewriteX));RewriteX:Int,
(ite (= RewriteX 0) (div (div 0 RewriteX) RewriteX) (div (div 0 RewriteX) (+ RewriteX RewriteX)));RewriteX:Int,(div (div 0 RewriteX) RewriteX);RewriteX:Int,
(ite (= RewriteX 0) (div (div 0 RewriteX) (* RewriteX RewriteX)) (div (div 0 RewriteX) RewriteX));RewriteX:Int,(div (div 0 RewriteX) (* RewriteX RewriteX));RewriteX:Int,
(ite (= RewriteX 0) (div (div 0 RewriteX) RewriteX) (div (div 0 RewriteX) (* RewriteX RewriteX)));RewriteX:Int,(div (div 0 RewriteX) RewriteX);RewriteX:Int,


(and RewriteX (and RewriteY RewriteZ));RewriteX:Bool;RewriteY:Bool;RewriteZ:Bool,(and RewriteZ (and RewriteX RewriteY));RewriteX:Bool;RewriteY:Bool;RewriteZ:Bool,
(and RewriteZ (and RewriteX RewriteY));RewriteX:Bool;RewriteY:Bool;RewriteZ:Bool,(and RewriteX (and RewriteY RewriteZ));RewriteX:Bool;RewriteY:Bool;RewriteZ:Bool,
(or RewriteX (or RewriteY RewriteZ));RewriteX:Bool;RewriteY:Bool;RewriteZ:Bool,(or RewriteZ (or RewriteX RewriteY));RewriteX:Bool;RewriteY:Bool;RewriteZ:Bool,
(or RewriteZ (or RewriteX RewriteY));RewriteX:Bool;RewriteY:Bool;RewriteZ:Bool,(or RewriteX (or RewriteY RewriteZ));RewriteX:Bool;RewriteY:Bool;RewriteZ:Bool,
(xor RewriteX (xor RewriteY RewriteZ));RewriteX:Bool;RewriteY:Bool;RewriteZ:Bool,(xor (xor RewriteZ RewriteX) RewriteY);RewriteX:Bool;RewriteY:Bool;RewriteZ:Bool,
(xor (xor RewriteZ RewriteX) RewriteY);RewriteX:Bool;RewriteY:Bool;RewriteZ:Bool,(xor RewriteX (xor RewriteY RewriteZ));RewriteX:Bool;RewriteY:Bool;RewriteZ:Bool,
(or RewriteX (and RewriteY RewriteZ));RewriteX:Bool;RewriteY:Bool;RewriteZ:Bool,(and (or RewriteX RewriteY) (or RewriteX RewriteZ));RewriteX:Bool;RewriteY:Bool;RewriteZ:Bool,
(and (or RewriteX RewriteY) (or RewriteX RewriteZ));RewriteX:Bool;RewriteY:Bool;RewriteZ:Bool,(or RewriteX (and RewriteY RewriteZ));RewriteX:Bool;RewriteY:Bool;RewriteZ:Bool,
(or (and RewriteX RewriteY) (and RewriteY RewriteZ));RewriteX:Bool;RewriteY:Bool;RewriteZ:Bool,(and RewriteY (or RewriteX RewriteZ));RewriteX:Bool;RewriteY:Bool;RewriteZ:Bool,
(and RewriteY (or RewriteX RewriteZ));RewriteX:Bool;RewriteY:Bool;RewriteZ:Bool,(or (and RewriteX RewriteY) (and RewriteY RewriteZ));RewriteX:Bool;RewriteY:Bool;RewriteZ:Bool,
(or RewriteX (xor RewriteY RewriteZ));RewriteX:Bool;RewriteY:Bool;RewriteZ:Bool,(or RewriteX (xor RewriteZ (or RewriteX RewriteY)));RewriteX:Bool;RewriteY:Bool;RewriteZ:Bool,
(or RewriteX (xor RewriteZ (or RewriteX RewriteY)));RewriteX:Bool;RewriteY:Bool;RewriteZ:Bool,(or RewriteX (xor RewriteY RewriteZ));RewriteX:Bool;RewriteY:Bool;RewriteZ:Bool,
(xor (and RewriteX RewriteY) (and RewriteY RewriteZ));RewriteX:Bool;RewriteY:Bool;RewriteZ:Bool,(and RewriteY (xor RewriteX RewriteZ));RewriteX:Bool;RewriteY:Bool;RewriteZ:Bool,
(and RewriteY (xor RewriteX RewriteZ));RewriteX:Bool;RewriteY:Bool;RewriteZ:Bool,(xor (and RewriteX RewriteY) (and RewriteY RewriteZ));RewriteX:Bool;RewriteY:Bool;RewriteZ:Bool,
(and RewriteX (xor RewriteY RewriteZ));RewriteX:Bool;RewriteY:Bool;RewriteZ:Bool,(and RewriteX (xor RewriteY (and RewriteZ RewriteX)));RewriteX:Bool;RewriteY:Bool;RewriteZ:Bool,
(and RewriteX (xor RewriteY (and RewriteZ RewriteX)));RewriteX:Bool;RewriteY:Bool;RewriteZ:Bool,(and RewriteX (xor RewriteY RewriteZ));RewriteX:Bool;RewriteY:Bool;RewriteZ:Bool,
(xor (or RewriteX RewriteY) (or RewriteX RewriteZ));RewriteX:Bool;RewriteY:Bool;RewriteZ:Bool,(and (not RewriteX) (xor RewriteY RewriteZ));RewriteX:Bool;RewriteY:Bool;RewriteZ:Bool,
(and (not RewriteX) (xor RewriteY RewriteZ));RewriteX:Bool;RewriteY:Bool;RewriteZ:Bool,(xor (or RewriteX RewriteY) (or RewriteX RewriteZ));RewriteX:Bool;RewriteY:Bool;RewriteZ:Bool,
(xor RewriteX (or RewriteY (xor RewriteX RewriteZ)));RewriteX:Bool;RewriteY:Bool;RewriteZ:Bool,(xor (and RewriteX RewriteY) (or RewriteY RewriteZ));RewriteX:Bool;RewriteY:Bool;RewriteZ:Bool,
(xor (and RewriteX RewriteY) (or RewriteY RewriteZ));RewriteX:Bool;RewriteY:Bool;RewriteZ:Bool,(xor RewriteX (or RewriteY (xor RewriteX RewriteZ)));RewriteX:Bool;RewriteY:Bool;RewriteZ:Bool,
(xor RewriteX RewriteY);RewriteX:Bool;RewriteY:Bool,(xor RewriteY RewriteX);RewriteX:Bool;RewriteY:Bool,
(xor RewriteY RewriteX);RewriteX:Bool;RewriteY:Bool,(xor RewriteX RewriteY);RewriteX:Bool;RewriteY:Bool,
(and RewriteX RewriteY);RewriteX:Bool;RewriteY:Bool,(and RewriteY RewriteX);RewriteX:Bool;RewriteY:Bool,
(and RewriteY RewriteX);RewriteX:Bool;RewriteY:Bool,(and RewriteX RewriteY);RewriteX:Bool;RewriteY:Bool,
(or RewriteX RewriteY);RewriteX:Bool;RewriteY:Bool,(or RewriteY RewriteX);RewriteX:Bool;RewriteY:Bool,
(not (xor RewriteX RewriteY));RewriteX:Bool;RewriteY:Bool,(xor RewriteY (not RewriteX));RewriteX:Bool;RewriteY:Bool,
(xor RewriteY (not RewriteX));RewriteX:Bool;RewriteY:Bool,(not (xor RewriteX RewriteY));RewriteX:Bool;RewriteY:Bool,
(xor RewriteX (xor RewriteX RewriteY));RewriteX:Bool;RewriteY:Bool,RewriteY;RewriteY:Bool,
(and RewriteX (or RewriteX RewriteY));RewriteX:Bool;RewriteY:Bool,RewriteX;RewriteX:Bool,
(or RewriteX (and RewriteX RewriteY));RewriteX:Bool;RewriteY:Bool,RewriteX;RewriteX:Bool,
(or RewriteX (xor RewriteY RewriteY));RewriteX:Bool;RewriteY:Bool,RewriteX;RewriteX:Bool,
(and RewriteX (xor RewriteY RewriteY));RewriteX:Bool;RewriteY:Bool,(xor RewriteX RewriteX);RewriteX:Bool,
(not (and RewriteX RewriteY));RewriteX:Bool;RewriteY:Bool,(or (not RewriteY) (not RewriteX));RewriteX:Bool;RewriteY:Bool,
(or (not RewriteY) (not RewriteX));RewriteX:Bool;RewriteY:Bool,(not (and RewriteX RewriteY));RewriteX:Bool;RewriteY:Bool,
(and RewriteX (not RewriteY));RewriteX:Bool;RewriteY:Bool,(and RewriteX (xor RewriteX RewriteY));RewriteX:Bool;RewriteY:Bool,
(and RewriteX (xor RewriteX RewriteY));RewriteX:Bool;RewriteY:Bool,(and RewriteX (not RewriteY));RewriteX:Bool;RewriteY:Bool,
(xor RewriteX (and RewriteX RewriteY));RewriteX:Bool;RewriteY:Bool,(and RewriteX (not RewriteY));RewriteX:Bool;RewriteY:Bool,
(and RewriteX (not RewriteY));RewriteX:Bool;RewriteY:Bool,(xor RewriteX (and RewriteX RewriteY));RewriteX:Bool;RewriteY:Bool,
(xor RewriteX (or RewriteX RewriteY));RewriteX:Bool;RewriteY:Bool,(and RewriteY (not RewriteX));RewriteX:Bool;RewriteY:Bool,
(and RewriteY (not RewriteX));RewriteX:Bool;RewriteY:Bool,(xor RewriteX (or RewriteX RewriteY));RewriteX:Bool;RewriteY:Bool,
(not (not RewriteX));RewriteX:Bool,RewriteX;RewriteX:Bool,
(or RewriteX RewriteX);RewriteX:Bool,RewriteX;RewriteX:Bool,
(and RewriteX RewriteX);RewriteX:Bool,RewriteX;RewriteX:Bool,
(or RewriteX (not RewriteX));RewriteX:Bool,(xor RewriteX (not RewriteX));RewriteX:Bool,
(xor RewriteX (not RewriteX));RewriteX:Bool,(or RewriteX (not RewriteX));RewriteX:Bool,

(* RewriteX (* RewriteY RewriteZ));RewriteX:Real;RewriteY:Real;RewriteZ:Real,(* RewriteY (* RewriteX RewriteZ));RewriteX:Real;RewriteY:Real;RewriteZ:Real,
(- RewriteX (- RewriteY RewriteZ));RewriteX:Real;RewriteY:Real;RewriteZ:Real,(- RewriteZ (- RewriteY RewriteX));RewriteX:Real;RewriteY:Real;RewriteZ:Real,
(- RewriteZ (- RewriteY RewriteX));RewriteX:Real;RewriteY:Real;RewriteZ:Real,(- RewriteX (- RewriteY RewriteZ));RewriteX:Real;RewriteY:Real;RewriteZ:Real,
(- (- RewriteX RewriteY) RewriteZ);RewriteX:Real;RewriteY:Real;RewriteZ:Real,(- (- RewriteX RewriteZ) RewriteY);RewriteX:Real;RewriteY:Real;RewriteZ:Real,
(- (- RewriteX RewriteZ) RewriteY);RewriteX:Real;RewriteY:Real;RewriteZ:Real,(- (- RewriteX RewriteY) RewriteZ);RewriteX:Real;RewriteY:Real;RewriteZ:Real,
(+ RewriteX (+ RewriteY RewriteZ));RewriteX:Real;RewriteY:Real;RewriteZ:Real,(+ RewriteY (+ RewriteX RewriteZ));RewriteX:Real;RewriteY:Real;RewriteZ:Real,
(- (+ RewriteX RewriteY) RewriteZ);RewriteX:Real;RewriteY:Real;RewriteZ:Real,(+ RewriteY (- RewriteX RewriteZ));RewriteX:Real;RewriteY:Real;RewriteZ:Real,
(+ RewriteY (- RewriteX RewriteZ));RewriteX:Real;RewriteY:Real;RewriteZ:Real,(- (+ RewriteX RewriteY) RewriteZ);RewriteX:Real;RewriteY:Real;RewriteZ:Real,
(* RewriteX (- RewriteY RewriteZ));RewriteX:Real;RewriteY:Real;RewriteZ:Real,(* (- RewriteX) (- RewriteZ RewriteY));RewriteX:Real;RewriteY:Real;RewriteZ:Real,
(* (- RewriteX) (- RewriteZ RewriteY));RewriteX:Real;RewriteY:Real;RewriteZ:Real,(* RewriteX (- RewriteY RewriteZ));RewriteX:Real;RewriteY:Real;RewriteZ:Real,
(+ 293 (- RewriteY (+ 293 RewriteZ)));RewriteX:Real;RewriteY:Real;RewriteZ:Real,(- RewriteY RewriteZ);RewriteY:Real;RewriteZ:Real,
(- (* RewriteX RewriteY) (* RewriteY RewriteZ));RewriteX:Real;RewriteY:Real;RewriteZ:Real,(* RewriteY (- RewriteX RewriteZ));RewriteX:Real;RewriteY:Real;RewriteZ:Real,
(* RewriteY (- RewriteX RewriteZ));RewriteX:Real;RewriteY:Real;RewriteZ:Real,(- (* RewriteX RewriteY) (* RewriteY RewriteZ));RewriteX:Real;RewriteY:Real;RewriteZ:Real,
(+ (* RewriteX RewriteY) (* RewriteY RewriteZ));RewriteX:Real;RewriteY:Real;RewriteZ:Real,(* RewriteY (+ RewriteX RewriteZ));RewriteX:Real;RewriteY:Real;RewriteZ:Real,
(* RewriteY (+ RewriteX RewriteZ));RewriteX:Real;RewriteY:Real;RewriteZ:Real,(+ (* RewriteX RewriteY) (* RewriteY RewriteZ));RewriteX:Real;RewriteY:Real;RewriteZ:Real,
(ite (= RewriteX 0.0) (* RewriteX (* RewriteZ (/ RewriteY RewriteX))) (* RewriteX (* RewriteY (/ RewriteZ RewriteX))));RewriteX:Real;RewriteY:Real;RewriteZ:Real,(* RewriteX (* RewriteZ (/ RewriteY RewriteX)));RewriteX:Real;RewriteY:Real;RewriteZ:Real,
(* RewriteX RewriteY);RewriteX:Real;RewriteY:Real,(* RewriteY RewriteX);RewriteX:Real;RewriteY:Real,
(+ RewriteX RewriteY);RewriteX:Real;RewriteY:Real,(+ RewriteY RewriteX);RewriteX:Real;RewriteY:Real,
(abs (- RewriteX RewriteY));RewriteX:Real;RewriteY:Real,(abs (- RewriteY RewriteX));RewriteX:Real;RewriteY:Real,
(abs (* RewriteX RewriteY));RewriteX:Real;RewriteY:Real,(* (abs RewriteX) (abs RewriteY));RewriteX:Real;RewriteY:Real,
(* (abs RewriteX) (abs RewriteY));RewriteX:Real;RewriteY:Real,(abs (* RewriteX RewriteY));RewriteX:Real;RewriteY:Real,
(ite (= RewriteX 0.0) (* RewriteX RewriteY) (* RewriteX (* RewriteY (/ RewriteX RewriteX))));RewriteX:Real;RewriteY:Real,(* RewriteX RewriteY);RewriteX:Real;RewriteY:Real,
(ite (= RewriteX 0.0) (* RewriteX RewriteY) (/ (* RewriteX RewriteY) (/ RewriteX RewriteX)));RewriteX:Real;RewriteY:Real,(* RewriteX RewriteY);RewriteX:Real;RewriteY:Real,
(ite (= (- RewriteX RewriteY) 0.0) (/ (- RewriteY RewriteX) (- RewriteX RewriteY)) (/ (- RewriteX RewriteY) (- RewriteY RewriteX)));RewriteX:Real;RewriteY:Real,(/ (- RewriteY RewriteX) (- RewriteX RewriteY));RewriteX:Real;RewriteY:Real,
(ite (= (- RewriteY RewriteX) 0.0) (/ (- RewriteY RewriteX) (- RewriteY RewriteX)) (/ (- RewriteX RewriteY) (- RewriteX RewriteY)));RewriteX:Real;RewriteY:Real,(/ (- RewriteY RewriteX) (- RewriteY RewriteX));RewriteX:Real;RewriteY:Real,
(- (* RewriteX RewriteX) (* RewriteY RewriteY));RewriteX:Real;RewriteY:Real,(* (- RewriteX RewriteY) (+ RewriteX RewriteY));RewriteX:Real;RewriteY:Real,
(* (- RewriteX RewriteY) (+ RewriteX RewriteY));RewriteX:Real;RewriteY:Real,(- (* RewriteX RewriteX) (* RewriteY RewriteY));RewriteX:Real;RewriteY:Real,
(ite (= (- RewriteY RewriteX) 0.0) (/ 0.0 (- RewriteY RewriteX)) (/ 0.0 (- RewriteX RewriteY)));RewriteX:Real;RewriteY:Real,(/ 0.0 (- RewriteY RewriteX));RewriteX:Real;RewriteY:Real,
(ite (= RewriteX 0.0) 0.0 (* RewriteX (* RewriteY (/ 0.0 RewriteX))));RewriteX:Real;RewriteY:Real,0.0:Real_Const, 
(ite (or (= RewriteX 0.0) (= RewriteY 0.0)) (* (/ 0.0 RewriteX) (/ 0.0 RewriteY)) (* (/ 0.0 RewriteX) (/ RewriteX RewriteY)));RewriteX:Real;RewriteY:Real,(* (/ 0.0 RewriteX) (/ 0.0 RewriteY));RewriteX:Real;RewriteY:Real,
(ite (or (= RewriteX 0.0) (= RewriteY 0.0)) (* (/ 0.0 RewriteX) (/ RewriteX RewriteY)) (* (/ 0.0 RewriteX) (/ 0.0 RewriteY)));RewriteX:Real;RewriteY:Real,(* (/ 0.0 RewriteX) (/ RewriteX RewriteY));RewriteX:Real;RewriteY:Real,
(ite (or (= RewriteX 0.0) (= RewriteY 0.0)) (* (/ 0.0 RewriteY) (/ RewriteY RewriteX)) (* (/ 0.0 RewriteX) (/ RewriteX RewriteY)));RewriteX:Real;RewriteY:Real,(* (/ 0.0 RewriteY) (/ RewriteY RewriteX));RewriteX:Real;RewriteY:Real,
(abs (abs RewriteX));RewriteX:Real,(abs RewriteX);RewriteX:Real,
(abs (* RewriteX RewriteX));RewriteX:Real,(* RewriteX RewriteX);RewriteX:Real,
(ite (= RewriteX 0.0) (/ (abs RewriteX) RewriteX) (/ RewriteX (abs RewriteX)));RewriteX:Real,(/ (abs RewriteX) RewriteX);RewriteX:Real,
(ite (= RewriteX 0.0) (/ RewriteX (abs RewriteX)) (/ (abs RewriteX) RewriteX));RewriteX:Real,(/ RewriteX (abs RewriteX));RewriteX:Real,
(ite (= RewriteX 0.0) (/ RewriteX RewriteX) (/ (abs RewriteX) (abs RewriteX)));RewriteX:Real,(/ RewriteX RewriteX);RewriteX:Real,
(ite (= RewriteX 0.0) (/ (abs RewriteX) (- RewriteX)) (/ (- RewriteX) (abs RewriteX)));RewriteX:Real,(/ (abs RewriteX) (- RewriteX));RewriteX:Real,
(ite (= RewriteX 0.0) (/ (- RewriteX) (abs RewriteX)) (/ (abs RewriteX) (- RewriteX)));RewriteX:Real,(/ (- RewriteX) (abs RewriteX));RewriteX:Real,
(ite (= RewriteX 0.0) (/ RewriteX RewriteX) (/ (* RewriteX RewriteX) (* RewriteX RewriteX)));RewriteX:Real,(/ RewriteX RewriteX);RewriteX:Real,
(ite (= RewriteX 0.0) (/ RewriteX RewriteX) (/ (+ RewriteX RewriteX) (+ RewriteX RewriteX)));RewriteX:Real,(/ RewriteX RewriteX);RewriteX:Real,
(* RewriteX 1);RewriteX:Real,RewriteX;RewriteX:Real,
(- RewriteX 0.0);RewriteX:Real,RewriteX;RewriteX:Real,
(+ RewriteX 0.0);RewriteX:Real,RewriteX;RewriteX:Real,
(/ RewriteX 1);RewriteX:Real,RewriteX;RewriteX:Real,
(- RewriteX RewriteX);RewriteX:Real,0.0:Real_Const,
(* RewriteX (- 1));RewriteX:Real,(- RewriteX);RewriteX:Real,
(- 0.0 RewriteX);RewriteX:Real,(- RewriteX);RewriteX:Real,
(- RewriteX);RewriteX:Real,(/ RewriteX (- 1));RewriteX:Real,
(/ RewriteX (- 1));RewriteX:Real,(- RewriteX);RewriteX:Real,
(abs (+ RewriteX RewriteX));RewriteX:Real,(* (abs RewriteX) 2);RewriteX:Real,
(* (abs RewriteX) 2);RewriteX:Real,(abs (+ RewriteX RewriteX));RewriteX:Real,
(ite (= RewriteX 0.0) (+ RewriteX (/ 0.0 RewriteX)) (/ (* RewriteX RewriteX) RewriteX));RewriteX:Real,(+ RewriteX (/ 0.0 RewriteX));RewriteX:Real,
(ite (= RewriteX 0.0) (/ (* RewriteX RewriteX) RewriteX) (+ RewriteX (/ 0.0 RewriteX)));RewriteX:Real,(/ (* RewriteX RewriteX) RewriteX);RewriteX:Real,
(ite (= RewriteX 0.0) (- (/ 0.0 RewriteX) RewriteX) (/ (* RewriteX RewriteX) (- RewriteX)));RewriteX:Real,(- (/ 0.0 RewriteX) RewriteX);RewriteX:Real,
(ite (= RewriteX 0.0) (/ (* RewriteX RewriteX) (- RewriteX)) (- (/ 0.0 RewriteX) RewriteX));RewriteX:Real,(/ (* RewriteX RewriteX) (- RewriteX));RewriteX:Real,
(ite (= RewriteX 0.0) (+ (/ 0.0 RewriteX) (abs RewriteX)) (/ (* RewriteX RewriteX) (abs RewriteX)));RewriteX:Real,(+ (/ 0.0 RewriteX) (abs RewriteX));RewriteX:Real,
(ite (= RewriteX 0.0) (/ (* RewriteX RewriteX) (abs RewriteX)) (+ (/ 0.0 RewriteX) (abs RewriteX)));RewriteX:Real,(/ (* RewriteX RewriteX) (abs RewriteX));RewriteX:Real,
(* RewriteX 0.0);RewriteX:Real,0.0:Real_Const,
(- RewriteX 1);RewriteX:Real,(+ RewriteX (- 1));RewriteX:Real,
(+ RewriteX (- 1));RewriteX:Real,(- RewriteX 1);RewriteX:Real,
(- RewriteX (- 1));RewriteX:Real,(+ RewriteX 1);RewriteX:Real,
(+ RewriteX 1);RewriteX:Real,(- RewriteX (- 1));RewriteX:Real,
(ite (= RewriteX 0.0) (/ 0.0 (abs RewriteX)) (/ 0.0 RewriteX));RewriteX:Real,(/ 0.0 (abs RewriteX));RewriteX:Real,
(ite (= RewriteX 0.0) (/ 0.0 RewriteX) (/ 0.0 (abs RewriteX)));RewriteX:Real,(/ 0.0 RewriteX);RewriteX:Real,
(ite (= RewriteX 0.0) 0.0 (* RewriteX (/ 0.0 RewriteX)));RewriteX:Real,0.0:Real_Const,
(ite (= RewriteX 0.0) (/ 0.0 (+ RewriteX RewriteX)) (/ 0.0 RewriteX));RewriteX:Real,(/ 0.0 (+ RewriteX RewriteX));RewriteX:Real,
(ite (= RewriteX 0.0) (/ 0.0 RewriteX) (/ 0.0 (+ RewriteX RewriteX)));RewriteX:Real,(/ 0.0 RewriteX);RewriteX:Real,
(ite (= RewriteX 0.0) (/ 0.0 RewriteX) (/ 0.0 (* RewriteX RewriteX)));RewriteX:Real,(/ 0.0 RewriteX);RewriteX:Real,
(ite (= RewriteX 0.0) (/ (/ 0.0 RewriteX) (- RewriteX)) (/ (/ 0.0 RewriteX) RewriteX));RewriteX:Real,(/ (/ 0.0 RewriteX) (- RewriteX));RewriteX:Real,
(ite (= RewriteX 0.0) (/ (/ 0.0 RewriteX) RewriteX) (/ (/ 0.0 RewriteX) (- RewriteX)));RewriteX:Real,(/ (/ 0.0 RewriteX) RewriteX);RewriteX:Real,
(ite (= RewriteX 0.0) (/ (/ 0.0 RewriteX) (abs RewriteX)) (/ (/ 0.0 RewriteX) RewriteX));RewriteX:Real,(/ (/ 0.0 RewriteX) (abs RewriteX));RewriteX:Real,
(ite (= RewriteX 0.0) (/ (/ 0.0 RewriteX) RewriteX) (/ (/ 0.0 RewriteX) (abs RewriteX)));RewriteX:Real,(/ (/ 0.0 RewriteX) RewriteX);RewriteX:Real,
(ite (= RewriteX 0.0) (/ (/ 0.0 RewriteX) (+ RewriteX RewriteX)) (/ (/ 0.0 RewriteX) RewriteX));RewriteX:Real,(/ (/ 0.0 RewriteX) (+ RewriteX RewriteX));RewriteX:Real,
(ite (= RewriteX 0.0) (/ (/ 0.0 RewriteX) RewriteX) (/ (/ 0.0 RewriteX) (+ RewriteX RewriteX)));RewriteX:Real,(/ (/ 0.0 RewriteX) RewriteX);RewriteX:Real,
(ite (= RewriteX 0.0) (/ (/ 0.0 RewriteX) (* RewriteX RewriteX)) (/ (/ 0.0 RewriteX) RewriteX));RewriteX:Real,(/ (/ 0.0 RewriteX) (* RewriteX RewriteX));RewriteX:Real,
(ite (= RewriteX 0.0) (/ (/ 0.0 RewriteX) RewriteX) (/ (/ 0.0 RewriteX) (* RewriteX RewriteX)));RewriteX:Real,(/ (/ 0.0 RewriteX) RewriteX);RewriteX:Real,
(ite (= RewriteX 0.0) (* (+ RewriteX 1) (/ 1 RewriteX)) (/ (+ RewriteX 1) RewriteX));RewriteX:Real,(* (+ RewriteX 1) (/ 1 RewriteX));RewriteX:Real,
(ite (= RewriteX 0.0) (/ (+ RewriteX 1) RewriteX) (* (+ RewriteX 1) (/ 1 RewriteX)));RewriteX:Real,(/ (+ RewriteX 1) RewriteX);RewriteX:Real,
(ite (= RewriteX 0.0) (* RewriteX (/ (- 1) RewriteX)) (- (/ 0.0 RewriteX) (/ RewriteX RewriteX)));RewriteX:Real,(* RewriteX (/ (- 1) RewriteX));RewriteX:Real,
(ite (= RewriteX 0.0) (- (/ 0.0 RewriteX) (/ RewriteX RewriteX)) (* RewriteX (/ (- 1) RewriteX)));RewriteX:Real,(- (/ 0.0 RewriteX) (/ RewriteX RewriteX));RewriteX:Real,
(ite (= RewriteX 0.0) (* RewriteX (/ 1 RewriteX)) (- (/ RewriteX RewriteX) (/ 0.0 RewriteX)));RewriteX:Real,(* RewriteX (/ 1 RewriteX));RewriteX:Real,
(ite (= RewriteX 0.0) (- (/ RewriteX RewriteX) (/ 0.0 RewriteX)) (* RewriteX (/ 1 RewriteX)));RewriteX:Real,(- (/ RewriteX RewriteX) (/ 0.0 RewriteX));RewriteX:Real,
(ite (= RewriteX 0.0) (* (- 1 RewriteX) (/ 1 RewriteX)) (/ (- 1 RewriteX) RewriteX));RewriteX:Real,(* (- 1 RewriteX) (/ 1 RewriteX));RewriteX:Real,
(ite (= RewriteX 0.0) (/ (- 1 RewriteX) RewriteX) (* (- 1 RewriteX) (/ 1 RewriteX)));RewriteX:Real,(/ (- 1 RewriteX) RewriteX);RewriteX:Real,
(ite (= RewriteX 0.0) (* (- 1 RewriteX) (/ (- 1) RewriteX)) (/ (+ RewriteX (- 1)) RewriteX));RewriteX:Real,(* (- 1 RewriteX) (/ (- 1) RewriteX));RewriteX:Real,
(ite (= RewriteX 0.0) (/ (+ RewriteX (- 1)) RewriteX) (* (- 1 RewriteX) (/ (- 1) RewriteX)));RewriteX:Real,(/ (+ RewriteX (- 1)) RewriteX);RewriteX:Real,
(ite (= RewriteX 0.0) (* (/ (- 1) RewriteX) (+ RewriteX 1)) (/ (- (- 1) RewriteX) RewriteX));RewriteX:Real,(* (/ (- 1) RewriteX) (+ RewriteX 1));RewriteX:Real,
(ite (= RewriteX 0.0) (/ (- (- 1) RewriteX) RewriteX) (* (/ (- 1) RewriteX) (+ RewriteX 1)));RewriteX:Real,(/ (- (- 1) RewriteX) RewriteX);RewriteX:Real,

(str.replace RewriteX RewriteX RewriteY);RewriteX:String;RewriteY:String,RewriteY;RewriteY:String,
(str.replace RewriteX RewriteY RewriteY);RewriteX:String;RewriteY:String,RewriteX;RewriteX:String,
(str.replace RewriteX "" RewriteY);RewriteX:String;RewriteY:String,(str.++ RewriteY RewriteX);RewriteX:String;RewriteY:String,
(str.indexof RewriteX RewriteX RewriteY);RewriteX:String;RewriteY:Int,(str.indexof "" "" RewriteY);RewriteY:Int,
(str.indexof RewriteX RewriteY (- 1));RewriteX:String;RewriteY:String,(- 1):Int_Const,
(str.substr RewriteX RewriteY 0);RewriteX:String;RewriteY:Int,"":String_Const,
(str.substr RewriteX (- 1) RewriteY);RewriteX:String;RewriteY:Int,"":String_Const,
(str.substr RewriteX RewriteY (- 1));RewriteX:String;RewriteY:Int,"":String_Const,
(str.at "" RewriteX);RewriteX:Int,"":String_Const,
(str.replace "" RewriteX "");RewriteX:String,"":String_Const,
(str.substr "" RewriteX RewriteX);RewriteX:Int,"":String_Const,
(str.indexof "" RewriteX 1);RewriteX:String,(- 1):Int_Const,
(str.substr "" 1 RewriteX);RewriteX:Int,"":String_Const,
(str.substr "" 0 RewriteX);RewriteX:Int,"":String_Const,
(str.indexof RewriteX "" 0);RewriteX:String,0:Int_Const,


